label,qaoa_p,optimizer,optimization_level,mitigation,valid_coloring_rate,valid_rate_std_error,expected_conflicts,ideal_valid_coloring_rate,quality_degradation,circuit_depth,two_qubit_gates,one_qubit_gates,logical_two_qubit_gates,two_qubit_overhead_ratio,two_qubit_gate_budget,total_shots,uncovered_gates,is_pareto_optimal,num_dominators,dominated_by
p1-COBYLA-O0-none,1,COBYLA,0,none,0.4375,0.015502449088269086,1.19140625,0.53125,0.09375,29,14,36,4,3.5,14,1024,,False,3,p1-COBYLA-O1-none;p1-COBYLA-O2-none;p1-COBYLA-O3-none
p1-COBYLA-O0-zne,1,COBYLA,0,zne,0.4734700520833335,0.0184351987343243,1.1069335937500004,0.53125,0.05777994791666652,29,14,36,4,3.5,126,3072,,False,3,p1-COBYLA-O1-zne;p1-COBYLA-O2-zne;p1-COBYLA-O3-zne
p1-COBYLA-O0-readout,1,COBYLA,0,readout,0.458984375,,1.14453125,0.53125,0.072265625,29,14,36,4,3.5,14,3072,,False,3,p1-COBYLA-O1-readout;p1-COBYLA-O2-readout;p1-COBYLA-O3-readout
p1-COBYLA-O1-none,1,COBYLA,1,none,0.439453125,0.015510016796353835,1.181640625,0.53125,0.091796875,29,14,36,4,3.5,14,1024,,True,0,
p1-COBYLA-O1-zne,1,COBYLA,1,zne,0.4758300781250001,0.018433652059993172,1.094401041666667,0.53125,0.05541992187499989,29,14,36,4,3.5,126,3072,,True,0,
p1-COBYLA-O1-readout,1,COBYLA,1,readout,0.4638671875,,1.12890625,0.53125,0.0673828125,29,14,36,4,3.5,14,3072,,True,0,
p1-COBYLA-O2-none,1,COBYLA,2,none,0.439453125,0.015510016796353835,1.181640625,0.53125,0.091796875,29,14,36,4,3.5,14,1024,,True,0,
p1-COBYLA-O2-zne,1,COBYLA,2,zne,0.4758300781250001,0.018433652059993172,1.094401041666667,0.53125,0.05541992187499989,29,14,36,4,3.5,126,3072,,True,0,
p1-COBYLA-O2-readout,1,COBYLA,2,readout,0.4638671875,,1.12890625,0.53125,0.0673828125,29,14,36,4,3.5,14,3072,,True,0,
p1-COBYLA-O3-none,1,COBYLA,3,none,0.439453125,0.015510016796353835,1.181640625,0.53125,0.091796875,29,14,36,4,3.5,14,1024,,True,0,
p1-COBYLA-O3-zne,1,COBYLA,3,zne,0.4758300781250001,0.018433652059993172,1.094401041666667,0.53125,0.05541992187499989,29,14,36,4,3.5,126,3072,,True,0,
p1-COBYLA-O3-readout,1,COBYLA,3,readout,0.4638671875,,1.12890625,0.53125,0.0673828125,29,14,36,4,3.5,14,3072,,True,0,
p1-SPSA-O0-none,1,SPSA,0,none,0.4326171875,0.015482460987267356,1.1953125,0.521484375,0.0888671875,29,14,36,4,3.5,14,1024,,True,0,
p1-SPSA-O0-zne,1,SPSA,0,zne,0.46329752604166685,0.018400844694963975,1.1254882812500002,0.521484375,0.05818684895833315,29,14,36,4,3.5,126,3072,,False,4,p1-COBYLA-O0-zne;p1-COBYLA-O1-zne;p1-COBYLA-O2-zne
p1-SPSA-O0-readout,1,SPSA,0,readout,0.4541015625,,1.1484375,0.521484375,0.0673828125,29,14,36,4,3.5,14,3072,,False,3,p1-COBYLA-O1-readout;p1-COBYLA-O2-readout;p1-COBYLA-O3-readout
p1-SPSA-O1-none,1,SPSA,1,none,0.42578125,0.015451902983419906,1.208984375,0.521484375,0.095703125,29,14,36,4,3.5,14,1024,,False,5,p1-COBYLA-O0-none;p1-COBYLA-O1-none;p1-COBYLA-O2-none
p1-SPSA-O1-zne,1,SPSA,1,zne,0.4590657552083335,0.01837047219400523,1.1311848958333337,0.521484375,0.06241861979166652,29,14,36,4,3.5,126,3072,,False,5,p1-COBYLA-O0-zne;p1-COBYLA-O1-zne;p1-COBYLA-O2-zne
p1-SPSA-O1-readout,1,SPSA,1,readout,0.4462890625,,1.1640625,0.521484375,0.0751953125,29,14,36,4,3.5,14,3072,,False,5,p1-COBYLA-O0-readout;p1-COBYLA-O1-readout;p1-COBYLA-O2-readout
p1-SPSA-O2-none,1,SPSA,2,none,0.42578125,0.015451902983419906,1.208984375,0.521484375,0.095703125,29,14,36,4,3.5,14,1024,,False,5,p1-COBYLA-O0-none;p1-COBYLA-O1-none;p1-COBYLA-O2-none
p1-SPSA-O2-zne,1,SPSA,2,zne,0.4590657552083335,0.01837047219400523,1.1311848958333337,0.521484375,0.06241861979166652,29,14,36,4,3.5,126,3072,,False,5,p1-COBYLA-O0-zne;p1-COBYLA-O1-zne;p1-COBYLA-O2-zne
p1-SPSA-O2-readout,1,SPSA,2,readout,0.4462890625,,1.1640625,0.521484375,0.0751953125,29,14,36,4,3.5,14,3072,,False,5,p1-COBYLA-O0-readout;p1-COBYLA-O1-readout;p1-COBYLA-O2-readout
p1-SPSA-O3-none,1,SPSA,3,none,0.42578125,0.015451902983419906,1.208984375,0.521484375,0.095703125,29,14,36,4,3.5,14,1024,,False,5,p1-COBYLA-O0-none;p1-COBYLA-O1-none;p1-COBYLA-O2-none
p1-SPSA-O3-zne,1,SPSA,3,zne,0.4590657552083335,0.01837047219400523,1.1311848958333337,0.521484375,0.06241861979166652,29,14,36,4,3.5,126,3072,,False,5,p1-COBYLA-O0-zne;p1-COBYLA-O1-zne;p1-COBYLA-O2-zne
p1-SPSA-O3-readout,1,SPSA,3,readout,0.4462890625,,1.1640625,0.521484375,0.0751953125,29,14,36,4,3.5,14,3072,,False,5,p1-COBYLA-O0-readout;p1-COBYLA-O1-readout;p1-COBYLA-O2-readout
p2-COBYLA-O0-none,2,COBYLA,0,none,0.4951171875,0.015624254924175893,1.115234375,0.830078125,0.3349609375,54,31,60,8,3.875,31,1024,,False,3,p2-COBYLA-O1-none;p2-COBYLA-O2-none;p2-COBYLA-O3-none
p2-COBYLA-O0-zne,2,COBYLA,0,zne,0.5550944010416669,0.018194482616749483,0.9720052083333337,0.830078125,0.27498372395833315,54,31,60,8,3.875,279,3072,,False,5,p2-COBYLA-O1-zne;p2-COBYLA-O2-zne;p2-COBYLA-O2-readout
p2-COBYLA-O0-readout,2,COBYLA,0,readout,0.5185546875,,1.068359375,0.830078125,0.3115234375,54,31,60,8,3.875,31,3072,,False,5,p2-COBYLA-O1-readout;p2-COBYLA-O2-none;p2-COBYLA-O2-readout
p2-COBYLA-O1-none,2,COBYLA,1,none,0.51171875,0.015620707876061679,1.06640625,0.830078125,0.318359375,51,28,60,8,3.5,28,1024,,False,2,p2-COBYLA-O2-none;p2-COBYLA-O3-none
p2-COBYLA-O1-zne,2,COBYLA,1,zne,0.5744628906250002,0.018265510380503332,0.9138997395833336,0.830078125,0.2556152343749998,51,28,60,8,3.5,252,3072,,False,4,p2-COBYLA-O2-zne;p2-COBYLA-O2-readout;p2-COBYLA-O3-zne
p2-COBYLA-O1-readout,2,COBYLA,1,readout,0.5380859375,,1.009765625,0.830078125,0.2919921875,51,28,60,8,3.5,28,3072,,False,4,p2-COBYLA-O2-none;p2-COBYLA-O2-readout;p2-COBYLA-O3-none
p2-COBYLA-O2-none,2,COBYLA,2,none,0.552734375,0.015537853402977558,0.966796875,0.830078125,0.27734375,40,22,58,8,2.75,22,1024,,True,0,
p2-COBYLA-O2-zne,2,COBYLA,2,zne,0.6116536458333335,0.018400911651668128,0.817545572916667,0.830078125,0.21842447916666652,40,22,58,8,2.75,198,3072,,True,0,
p2-COBYLA-O2-readout,2,COBYLA,2,readout,0.5810546875,,0.90625,0.830078125,0.2490234375,40,22,58,8,2.75,22,3072,,True,0,
p2-COBYLA-O3-none,2,COBYLA,3,none,0.552734375,0.015537853402977558,0.966796875,0.830078125,0.27734375,40,22,58,8,2.75,22,1024,,True,0,
p2-COBYLA-O3-zne,2,COBYLA,3,zne,0.6116536458333335,0.018400911651668128,0.817545572916667,0.830078125,0.21842447916666652,40,22,58,8,2.75,198,3072,,True,0,
p2-COBYLA-O3-readout,2,COBYLA,3,readout,0.5810546875,,0.90625,0.830078125,0.2490234375,40,22,58,8,2.75,22,3072,,True,0,
p2-SPSA-O0-none,2,SPSA,0,none,0.4365234375,0.015498573712514632,1.19921875,0.65234375,0.2158203125,54,31,60,8,3.875,31,1024,,False,7,p1-COBYLA-O0-none;p1-COBYLA-O1-none;p1-COBYLA-O2-none
p2-SPSA-O0-zne,2,SPSA,0,zne,0.48030598958333354,0.018127395381505155,1.0810546875000002,0.65234375,0.17203776041666646,54,31,60,8,3.875,279,3072,,False,7,p2-SPSA-O1-zne;p2-SPSA-O2-none;p2-SPSA-O2-zne
p2-SPSA-O0-readout,2,SPSA,0,readout,0.4580078125,,1.15234375,0.65234375,0.1943359375,54,31,60,8,3.875,31,3072,,False,9,p1-COBYLA-O0-readout;p1-COBYLA-O1-readout;p1-COBYLA-O2-readout
p2-SPSA-O1-none,2,SPSA,1,none,0.4541015625,0.015559027393531847,1.154296875,0.65234375,0.1982421875,51,28,60,8,3.5,28,1024,,False,2,p2-SPSA-O2-none;p2-SPSA-O3-none
p2-SPSA-O1-zne,2,SPSA,1,zne,0.4988606770833335,0.01824864945772134,1.039713541666667,0.65234375,0.15348307291666652,51,28,60,8,3.5,252,3072,,False,4,p2-SPSA-O2-zne;p2-SPSA-O2-readout;p2-SPSA-O3-zne
p2-SPSA-O1-readout,2,SPSA,1,readout,0.4775390625,,1.103515625,0.65234375,0.1748046875,51,28,60,8,3.5,28,3072,,False,4,p2-SPSA-O2-none;p2-SPSA-O2-readout;p2-SPSA-O3-none
p2-SPSA-O2-none,2,SPSA,2,none,0.490234375,0.015622019483489914,1.0625,0.65234375,0.162109375,40,22,58,8,2.75,22,1024,,True,0,
p2-SPSA-O2-zne,2,SPSA,2,zne,0.5389811197916669,0.01845875890490714,0.9436848958333335,0.65234375,0.11336263020833315,40,22,58,8,2.75,198,3072,,True,0,
p2-SPSA-O2-readout,2,SPSA,2,readout,0.5126953125,,1.013671875,0.65234375,0.1396484375,40,22,58,8,2.75,22,3072,,True,0,
p2-SPSA-O3-none,2,SPSA,3,none,0.490234375,0.015622019483489914,1.0625,0.65234375,0.162109375,40,22,58,8,2.75,22,1024,,True,0,
p2-SPSA-O3-zne,2,SPSA,3,zne,0.5389811197916669,0.01845875890490714,0.9436848958333335,0.65234375,0.11336263020833315,40,22,58,8,2.75,198,3072,,True,0,
p2-SPSA-O3-readout,2,SPSA,3,readout,0.5126953125,,1.013671875,0.65234375,0.1396484375,40,22,58,8,2.75,22,3072,,True,0,
p3-COBYLA-O0-none,3,COBYLA,0,none,0.45703125,0.015567195781371302,1.216796875,0.912109375,0.455078125,76,45,84,12,3.75,45,1024,,False,9,p2-COBYLA-O0-none;p2-COBYLA-O1-none;p2-COBYLA-O2-none
p3-COBYLA-O0-zne,3,COBYLA,0,zne,0.5010579427083335,0.01797845250677564,1.1126302083333335,0.912109375,0.4110514322916665,76,45,84,12,3.75,405,3072,,False,20,p2-COBYLA-O0-zne;p2-COBYLA-O0-readout;p2-COBYLA-O1-none
p3-COBYLA-O0-readout,3,COBYLA,0,readout,0.478515625,,1.171875,0.912109375,0.43359375,76,45,84,12,3.75,45,3072,,False,17,p2-COBYLA-O0-none;p2-COBYLA-O0-readout;p2-COBYLA-O1-none
p3-COBYLA-O1-none,3,COBYLA,1,none,0.47265625,0.015601617483501556,1.15625,0.912109375,0.439453125,73,42,84,12,3.5,42,1024,,False,8,p2-COBYLA-O0-none;p2-COBYLA-O1-none;p2-COBYLA-O2-none
p3-COBYLA-O1-zne,3,COBYLA,1,zne,0.5267740885416667,0.01803754367539585,1.0237630208333335,0.912109375,0.38533528645833326,73,42,84,12,3.5,378,3072,,False,13,p2-COBYLA-O0-zne;p2-COBYLA-O1-zne;p2-COBYLA-O1-readout
p3-COBYLA-O1-readout,3,COBYLA,1,readout,0.49609375,,1.10546875,0.912109375,0.416015625,73,42,84,12,3.5,42,3072,,False,11,p2-COBYLA-O0-readout;p2-COBYLA-O1-none;p2-COBYLA-O1-readout
p3-COBYLA-O2-none,3,COBYLA,2,none,0.48046875,0.015613074520098654,1.134765625,0.912109375,0.431640625,73,40,84,12,3.333,40,1024,,False,6,p2-COBYLA-O0-none;p2-COBYLA-O1-none;p2-COBYLA-O2-none
p3-COBYLA-O2-zne,3,COBYLA,2,zne,0.5373535156250002,0.01807005429452199,0.9934895833333335,0.912109375,0.3747558593749998,73,40,84,12,3.333,360,3072,,False,11,p2-COBYLA-O0-zne;p2-COBYLA-O1-zne;p2-COBYLA-O1-readout
p3-COBYLA-O2-readout,3,COBYLA,2,readout,0.5048828125,,1.08203125,0.912109375,0.4072265625,73,40,84,12,3.333,40,3072,,False,9,p2-COBYLA-O0-readout;p2-COBYLA-O1-none;p2-COBYLA-O1-readout
p3-COBYLA-O3-none,3,COBYLA,3,none,0.48046875,0.015613074520098654,1.134765625,0.912109375,0.431640625,73,40,84,12,3.333,40,1024,,False,6,p2-COBYLA-O0-none;p2-COBYLA-O1-none;p2-COBYLA-O2-none
p3-COBYLA-O3-zne,3,COBYLA,3,zne,0.5373535156250002,0.01807005429452199,0.9934895833333335,0.912109375,0.3747558593749998,73,40,84,12,3.333,360,3072,,False,11,p2-COBYLA-O0-zne;p2-COBYLA-O1-zne;p2-COBYLA-O1-readout
p3-COBYLA-O3-readout,3,COBYLA,3,readout,0.5048828125,,1.08203125,0.912109375,0.4072265625,73,40,84,12,3.333,40,3072,,False,9,p2-COBYLA-O0-readout;p2-COBYLA-O1-none;p2-COBYLA-O1-readout
p3-SPSA-O0-none,3,SPSA,0,none,0.4228515625,0.015437883300887618,1.271484375,0.7724609375,0.349609375,76,45,84,12,3.75,45,1024,,False,19,p1-COBYLA-O0-none;p1-COBYLA-O1-none;p1-COBYLA-O2-none
p3-SPSA-O0-zne,3,SPSA,0,zne,0.4680989583333335,0.01776862636827868,1.155436197916667,0.7724609375,0.3043619791666665,76,45,84,12,3.75,405,3072,,False,25,p1-COBYLA-O0-zne;p1-COBYLA-O1-zne;p1-COBYLA-O2-zne
p3-SPSA-O0-readout,3,SPSA,0,readout,0.4423828125,,1.23046875,0.7724609375,0.330078125,76,45,84,12,3.75,45,3072,,False,27,p1-COBYLA-O0-readout;p1-COBYLA-O1-readout;p1-COBYLA-O2-readout
p3-SPSA-O1-none,3,SPSA,1,none,0.439453125,0.015510016796353835,1.197265625,0.7724609375,0.3330078125,73,42,84,12,3.5,42,1024,,False,11,p1-COBYLA-O1-none;p1-COBYLA-O2-none;p1-COBYLA-O3-none
p3-SPSA-O1-zne,3,SPSA,1,zne,0.48120117187500017,0.01796973540044763,1.075358072916667,0.7724609375,0.29125976562499983,73,42,84,12,3.5,378,3072,,False,17,p2-COBYLA-O0-zne;p2-COBYLA-O1-zne;p2-COBYLA-O2-none
p3-SPSA-O1-readout,3,SPSA,1,readout,0.458984375,,1.154296875,0.7724609375,0.3134765625,73,42,84,12,3.5,42,3072,,False,17,p1-COBYLA-O0-readout;p1-COBYLA-O1-readout;p1-COBYLA-O2-readout
p3-SPSA-O2-none,3,SPSA,2,none,0.4462890625,0.01553458638689129,1.1796875,0.7724609375,0.326171875,73,40,84,12,3.333,40,1024,,False,6,p2-COBYLA-O1-none;p2-COBYLA-O2-none;p2-COBYLA-O3-none
p3-SPSA-O2-zne,3,SPSA,2,zne,0.4890950520833335,0.01802839075629704,1.0564778645833337,0.7724609375,0.2833658854166665,73,40,84,12,3.333,360,3072,,False,15,p2-COBYLA-O0-zne;p2-COBYLA-O1-zne;p2-COBYLA-O2-none
p3-SPSA-O2-readout,3,SPSA,2,readout,0.466796875,,1.134765625,0.7724609375,0.3056640625,73,40,84,12,3.333,40,3072,,False,10,p2-COBYLA-O1-readout;p2-COBYLA-O2-none;p2-COBYLA-O2-readout
p3-SPSA-O3-none,3,SPSA,3,none,0.4462890625,0.01553458638689129,1.1796875,0.7724609375,0.326171875,73,40,84,12,3.333,40,1024,,False,6,p2-COBYLA-O1-none;p2-COBYLA-O2-none;p2-COBYLA-O3-none
p3-SPSA-O3-zne,3,SPSA,3,zne,0.4890950520833335,0.01802839075629704,1.0564778645833337,0.7724609375,0.2833658854166665,73,40,84,12,3.333,360,3072,,False,15,p2-COBYLA-O0-zne;p2-COBYLA-O1-zne;p2-COBYLA-O2-none
p3-SPSA-O3-readout,3,SPSA,3,readout,0.466796875,,1.134765625,0.7724609375,0.3056640625,73,40,84,12,3.333,40,3072,,False,10,p2-COBYLA-O1-readout;p2-COBYLA-O2-none;p2-COBYLA-O2-readout
